"","CD","Incumbent","Party","Obama.2012","Romney.2012","Obama.2008","McCain.2008"
"1","AK-AL","Young, Don","(R)",41.2,55.3,38.1,59.7
"2","AL-01","Bonner, Jo","(R)",37.4,61.8,38.5,60.9
"3","AL-02","Roby, Martha","(R)",36.4,62.9,35,64.5
"4","AL-03","Rogers, Mike D.","(R)",36.8,62.3,36.6,62.6
"5","AL-04","Aderholt, Rob","(R)",24,74.8,25.5,73.3
"6","AL-05","Brooks, Mo","(R)",34.9,63.9,36.3,62.6
"7","AL-06","Bachus, Spencer","(R)",24.7,74.3,25,74.1
"8","AL-07","Sewell, Terri","(D)",72.4,27.1,71.5,28.1
"9","AR-01","Crawford, Rick","(R)",36.3,61,39.2,58
"10","AR-02","Griffin, Tim","(R)",42.9,54.7,44.3,53.8
"11","AR-03","Womack, Steve","(R)",31.6,65.5,33.9,63.7
"12","AR-04","Cotton, Tom","(R)",35.9,61.8,37.4,59.9
"13","AZ-01","Kirkpatrick, Ann","(D)",47.9,50.4,47.8,51
"14","AZ-02","Barber, Ron","(D)",48.4,49.9,48.9,49.8
"15","AZ-03","Grijalva, Raul","(D)",61.4,36.9,58.2,40.7
"16","AZ-04","Gosar, Paul","(R)",31,67.2,34.4,64.2
"17","AZ-05","Salmon, Matt","(R)",34.6,63.8,36.3,62.6
"18","AZ-06","Schweikert, David","(R)",38.8,59.5,41.2,57.7
"19","AZ-07","Pastor, Ed","(D)",71.7,26.5,64.7,34.1
"20","AZ-08","Franks, Trent","(R)",36.9,61.7,38.4,60.6
"21","AZ-09","Sinema, Kyrsten","(D)",51.1,46.6,51.3,47.4
"22","CA-01","LaMalfa, Doug","(R)",40.3,56.6,42,53
"23","CA-02","Huffman, Jared","(D)",69,27,71,25
"24","CA-03","Garamendi, John","(D)",54.3,43.1,55,42
"25","CA-04","McClintock, Tom","(R)",39.5,57.9,43,54
"26","CA-05","Thompson, Mike","(D)",69.7,27.5,70,26
"27","CA-06","Matsui, Doris","(D)",69.1,28.3,68,29
"28","CA-07","Bera, Ami","(D)",50.8,46.8,51,46
"29","CA-08","Cook, Paul","(R)",41.7,55.6,42,55
"30","CA-09","McNerney, Jerry","(D)",57.8,40.1,56,41
"31","CA-10","Denham, Jeff","(R)",50.6,47,50,47
"32","CA-11","Miller, George","(D)",67.6,30,69,28
"33","CA-12","Pelosi, Nancy","(D)",84.1,12.5,84,13
"34","CA-13","Lee, Barbara","(D)",87.5,9,87,10
"35","CA-14","Speier, Jackie","(D)",74.2,23.6,73,24
"36","CA-15","Swalwell, Eric","(D)",68,29.8,67,30
"37","CA-16","Costa, Jim","(D)",58.6,39.4,57,40
"38","CA-17","Honda, Michael","(D)",71.9,25.5,69,28
"39","CA-18","Eshoo, Anna","(D)",68.2,28.9,70,27
"40","CA-19","Lofgren, Zoe","(D)",71.2,26.5,68,29
"41","CA-20","Farr, Sam","(D)",70.9,26.2,71,26
"42","CA-21","Valadao, David","(R)",54.6,43.5,52,46
"43","CA-22","Nunes, Devin","(R)",41.6,56.6,42,55
"44","CA-23","McCarthy, Kevin","(R)",36.1,61.5,36,61
"45","CA-24","Capps, Lois","(D)",54.1,43.1,56,41
"46","CA-25","McKeon, Buck","(R)",47.8,49.7,49,48
"47","CA-26","Brownley, Julia","(D)",54,43.7,56,41
"48","CA-27","Chu, Judy","(D)",62.6,35,61,35
"49","CA-28","Schiff, Adam","(D)",70.3,26.5,70,26
"50","CA-29","Cardenas, Tony","(D)",77,20.5,74,23
"51","CA-30","Sherman, Brad","(D)",65.3,32.1,66,31
"52","CA-31","Miller, Gary","(R)",57.2,40.6,56,41
"53","CA-32","Napolitano, Grace","(D)",65.2,32.5,62,35
"54","CA-33","Waxman, Henry","(D)",60.6,36.8,64,33
"55","CA-34","Becerra, Xavier","(D)",83,14.1,77,19
"56","CA-35","Negrete McLeod, Gloria","(D)",67.4,30.6,64,32
"57","CA-36","Ruiz, Raul","(D)",50.7,47.5,50,47
"58","CA-37","Bass, Karen","(D)",84.9,12.7,84,13
"59","CA-38","Sanchez, Linda","(D)",64.9,33,61,35
"60","CA-39","Royce, Ed","(R)",47.1,50.8,47,49
"61","CA-40","Roybal-Allard, Lucille","(D)",81.5,16.5,77,19
"62","CA-41","Takano, Mark","(D)",61.5,36.3,59,38
"63","CA-42","Calvert, Ken","(R)",41.4,56.5,43,54
"64","CA-43","Waters, Maxine","(D)",78,20,75,22
"65","CA-44","Hahn, Janice","(D)",84.7,13.6,81,16
"66","CA-45","Campbell, John","(R)",43,54.8,46,51
"67","CA-46","Sanchez, Loretta","(D)",61.4,36.2,58,39
"68","CA-47","Lowenthal, Alan","(D)",60,37.5,58,39
"69","CA-48","Rohrabacher, Dana","(R)",43,54.7,46,51
"70","CA-49","Issa, Darrell","(R)",45.7,52.4,49,48
"71","CA-50","Hunter, Duncan","(R)",37.6,60.4,39,58
"72","CA-51","Vargas, Juan","(D)",69.4,28.9,65,32
"73","CA-52","Peters, Scott","(D)",52.1,45.7,55,43
"74","CA-53","Davis, Susan","(D)",61.4,36.4,61,36
"75","CO-01","DeGette, Diana","(D)",69,28.8,70.9,27.6
"76","CO-02","Polis, Jared","(D)",57.9,39.5,61.2,37.2
"77","CO-03","Tipton, Scott","(R)",45.8,51.8,48.4,49.9
"78","CO-04","Gardner, Cory","(R)",39.2,58.5,41.9,56.4
"79","CO-05","Lamborn, Doug","(R)",38.3,59.1,39.7,58.8
"80","CO-06","Coffman, Mike","(R)",51.6,46.5,53.6,44.9
"81","CO-07","Perlmutter, Ed","(D)",56.1,41.3,57.4,40.7
"82","CT-01","Larson, John","(D)",63.3,35.6,65.8,32.9
"83","CT-02","Courtney, Joe","(D)",55.9,42.6,58.6,40
"84","CT-03","DeLauro, Rosa","(D)",62.6,36.3,62.6,36.2
"85","CT-04","Himes, Jim","(D)",55.1,44,59.6,39.7
"86","CT-05","Esty, Elizabeth","(D)",53.5,45.3,56.4,42.4
"87","DE-AL","Carney, John","(D)",58.6,40,61.9,36.9
"88","FL-01","Miller, Jeff","(R)",30.2,68.7,32.1,67
"89","FL-02","Southerland, Steve","(R)",46.5,52.3,47.1,52
"90","FL-03","Yoho, Ted","(R)",37.4,61.5,39.6,59.3
"91","FL-04","Crenshaw, Ander","(R)",35.4,63.7,36.6,62.7
"92","FL-05","Brown, Corrine","(D)",71.2,28.1,70.6,28.8
"93","FL-06","DeSantis, Ron","(R)",41.4,57.7,45.6,53.6
"94","FL-07","Mica, John","(R)",47.1,51.8,49.2,50
"95","FL-08","Posey, Bill","(R)",42.2,56.8,44,55.1
"96","FL-09","Grayson, Alan","(D)",61.9,37.2,60.3,39.1
"97","FL-10","Webster, Dan","(R)",45.7,53.4,47.2,52
"98","FL-11","Nugent, Rich","(R)",40.2,58.8,43.1,55.9
"99","FL-12","Bilirakis, Gus","(R)",44.8,54,46.8,52.2
"100","FL-13","Young, Bill","(R)",50.1,48.6,51.3,47.5
"101","FL-14","Castor, Kathy","(D)",65.1,34,65.2,34
"102","FL-15","Ross, Dennis","(R)",45.6,53.3,46.1,53.1
"103","FL-16","Buchanan, Vern","(R)",44.9,54.2,48.2,50.9
"104","FL-17","Rooney, Tom","(R)",41.2,57.9,43.2,55.9
"105","FL-18","Murphy, Patrick","(D)",47.6,51.7,51.2,48.1
"106","FL-19","Radel, Trey","(R)",38.8,60.6,42.4,56.9
"107","FL-20","Hastings, Alcee","(D)",82.6,17,80.5,19.1
"108","FL-21","Deutch, Ted","(D)",60.6,38.9,63.6,35.9
"109","FL-22","Frankel, Lois","(D)",54.4,44.9,56.8,42.6
"110","FL-23","Wasserman Schultz, Debbie","(D)",61.5,37.9,61.9,37.6
"111","FL-24","Wilson, Frederica","(D)",87.5,12.1,86.2,13.5
"112","FL-25","Diaz-Balart, Mario","(R)",48.7,50.8,45.6,54
"113","FL-26","Garcia, Joe","(D)",53.1,46.4,49.6,50
"114","FL-27","Ros-Lehtinen, Ileana","(R)",53.1,46.4,48.6,51
"115","GA-01","Kingston, Jack","(R)",43,55.9,44.4,55
"116","GA-02","Bishop, Sanford","(D)",58.6,40.8,57.9,41.6
"117","GA-03","Westmoreland, Lynn","(R)",33,65.9,34,65.3
"118","GA-04","Johnson, Hank","(D)",73.6,25.6,73.2,26.3
"119","GA-05","Lewis, John","(D)",83.1,15.8,84.4,15
"120","GA-06","Price, Tom","(R)",37.5,60.8,40.1,59
"121","GA-07","Woodall, Rob","(R)",38.3,60.2,39.1,60.1
"122","GA-08","Scott, Austin","(R)",37.5,61.6,37.8,61.6
"123","GA-09","Collins, Doug","(R)",20.5,78.1,24.3,74.7
"124","GA-10","Broun, Paul","(R)",36.3,62.5,38.8,60.4
"125","GA-11","Gingrey, Phil","(R)",31.5,66.9,34.7,64.3
"126","GA-12","Barrow, John","(D)",43.6,55.4,43.9,55.6
"127","GA-13","Scott, David","(D)",69.2,30,67.1,32.3
"128","GA-14","Graves, Tom","(R)",25.3,73.2,27.8,71
"129","HI-01","Hanabusa, Colleen","(D)",69.7,29,70.3,28.3
"130","HI-02","Gabbard, Tulsi","(D)",71.4,26.7,73.4,24.9
"131","IA-01","Braley, Bruce","(D)",56.2,42.5,58.5,40.4
"132","IA-02","Loebsack, David","(D)",55.8,42.7,57.1,41.6
"133","IA-03","Latham, Tom","(R)",51.4,47.2,52.4,46.3
"134","IA-04","King, Steve","(R)",45.3,53.4,48.5,50.2
"135","ID-01","Labrador, Raul","(R)",32.2,64.9,35.1,62.5
"136","ID-02","Simpson, Mike","(R)",33.1,64.1,37.1,60.5
"137","IL-01","Rush, Bobby","(D)",79,20.2,80.8,18.5
"138","IL-02","VACANT","(D)",80.7,18.5,81.1,18.2
"139","IL-03","Lipinski, Dan","(D)",55.9,42.6,58.3,40.4
"140","IL-04","Gutierrez, Luis","(D)",80.9,17.1,80.5,18.2
"141","IL-05","Quigley, Mike","(D)",66,31.8,69.9,28.8
"142","IL-06","Roskam, Peter","(R)",45.1,53.3,51.3,47.3
"143","IL-07","Davis, Danny","(D)",87.2,11.8,89.4,9.9
"144","IL-08","Duckworth, Tammy","(D)",57.4,40.9,61.5,37.1
"145","IL-09","Schakowsky, Jan","(D)",65,33.3,68.6,30.3
"146","IL-10","Schneider, Brad","(D)",57.5,41.1,63,35.9
"147","IL-11","Foster, Bill","(D)",57.8,40.6,61.3,37.5
"148","IL-12","Enyart, William","(D)",49.7,48.2,54.7,43.6
"149","IL-13","Davis, Rodney","(R)",48.6,48.9,54.6,43.6
"150","IL-14","Hultgren, Randy","(R)",44.2,54.2,50.7,48
"151","IL-15","Shimkus, John","(R)",34.1,63.9,42.8,55.4
"152","IL-16","Kinzinger, Adam","(R)",45.2,52.9,50,48.2
"153","IL-17","Bustos, Cheri","(D)",57.6,40.6,60,38.5
"154","IL-18","Schock, Aaron","(R)",37.4,60.7,44.1,54.4
"155","IN-01","Visclosky, Pete","(D)",61.2,37.4,63.3,35.8
"156","IN-02","Walorski, Jackie","(R)",42.1,56.1,49.6,49.3
"157","IN-03","Stutzman, Marlin","(R)",35.7,62.5,43,56
"158","IN-04","Rokita, Todd","(R)",36.9,60.9,44.6,54.2
"159","IN-05","Brooks, Susan","(R)",40.7,57.5,46.6,52.6
"160","IN-06","Messer, Luke","(R)",37.3,60.4,43.6,55
"161","IN-07","Carson, Andre","(D)",62.9,35.4,66.3,32.8
"162","IN-08","Bucshon, Larry","(R)",39.6,58.4,48.1,50.6
"163","IN-09","Young, Todd","(R)",40.7,57.2,46.2,52.7
"164","KS-01","Huelskamp, Tim","(R)",27.6,70.1,31,67.2
"165","KS-02","Jenkins, Lynn","(R)",42,55.6,45.3,52.8
"166","KS-03","Yoder, Kevin","(R)",44.3,53.8,48.8,49.9
"167","KS-04","Pompeo, Mike","(R)",36.1,61.6,39.5,58.6
"168","KY-01","Whitfield, Ed","(R)",32.1,66.4,36.9,61.6
"169","KY-02","Guthrie, Brett","(R)",35.1,63.3,37.2,61.5
"170","KY-03","Yarmuth, John","(D)",55.7,42.8,56.2,42.8
"171","KY-04","Massie, Thomas","(R)",34.8,63.4,37,61.5
"172","KY-05","Rogers, Hal","(R)",23.2,75,31.6,66.6
"173","KY-06","Barr, Andy","(R)",42.2,55.8,44.8,53.7
"174","LA-01","Scalise, Steve","(R)",26.9,70.9,25.3,72.7
"175","LA-02","Richmond, Cedric","(D)",75.8,22.8,73.4,25.4
"176","LA-03","Boustany, Charles","(R)",32.3,66.1,34.1,64.2
"177","LA-04","Fleming, John","(R)",39.7,59,39.9,58.9
"178","LA-05","Alexander, Rodney","(R)",37.7,61,36.7,62
"179","LA-06","Cassidy, Bill","(R)",32,66.1,30.9,67.5
"180","MA-01","Neal, Richard","(D)",64,34.3,64.1,33.7
"181","MA-02","McGovern, Jim","(D)",58.7,39.2,60.4,37.5
"182","MA-03","Tsongas, Niki","(D)",56.9,41.4,58.8,39.4
"183","MA-04","Kennedy, Joe","(D)",57.1,41.3,60.4,37.9
"184","MA-05","Markey, Ed","(D)",65.2,33.1,66.2,32.1
"185","MA-06","Tierney, John","(D)",54.7,43.9,56.9,41.4
"186","MA-07","Capuano, Mike","(D)",82.5,15.6,81.9,16.7
"187","MA-08","Lynch, Stephen","(D)",57.8,40.8,57.9,40.5
"188","MA-09","Keating, Bill","(D)",55.5,43.1,57.8,40.6
"189","MD-01","Harris, Andy","(R)",37.8,60.3,38.4,59.6
"190","MD-02","Ruppersberger, Dutch","(D)",62.9,35.1,60.6,37.5
"191","MD-03","Sarbanes, John","(D)",60.6,37.2,60.1,38
"192","MD-04","Edwards, Donna","(D)",78.3,20.7,77.3,21.8
"193","MD-05","Hoyer, Steny","(D)",66.2,32.3,65.1,33.6
"194","MD-06","Delaney, John","(D)",55.4,42.6,56.3,42
"195","MD-07","Cummings, Elijah","(D)",76,22.5,76.2,22.4
"196","MD-08","Van Hollen, Chris","(D)",62,36.1,62.8,35.6
"197","ME-01","Pingree, Chellie","(D)",59.6,38.2,60.7,37.5
"198","ME-02","Michaud, Mike","(D)",52.9,44.4,54.6,43.4
"199","MI-01","Benishek, Dan","(R)",45.3,53.6,49.7,48.4
"200","MI-02","Huizenga, Bill","(R)",43.1,56,48,50.3
"201","MI-03","Amash, Justin","(R)",45.8,53.1,49.7,48.6
"202","MI-04","Camp, David","(R)",45.5,53.5,49.6,48.6
"203","MI-05","Kildee, Dan","(D)",60.7,38.3,63,35.3
"204","MI-06","Upton, Fred","(R)",48.8,50.2,53.1,45.2
"205","MI-07","Walberg, Tim","(R)",47.9,51,50.8,47.4
"206","MI-08","Rogers, Mike J.","(R)",48,51.1,52,46.4
"207","MI-09","Levin, Sander","(D)",57.2,41.9,58.1,40.1
"208","MI-10","Miller, Candice","(R)",43.7,55.3,48,50
"209","MI-11","Bentivolio, Kerry","(R)",46.9,52.3,50.2,48.3
"210","MI-12","Dingell, John","(D)",66.2,32.8,66.9,31.4
"211","MI-13","Conyers, John","(D)",85.2,14.3,84.8,14.2
"212","MI-14","Peters, Gary","(D)",81,18.6,82.2,17.1
"213","MN-01","Walz, Tim","(D)",49.6,48.2,50.8,46.7
"214","MN-02","Kline, John","(R)",49.1,49,50.5,47.6
"215","MN-03","Paulsen, Erik","(R)",49.6,48.8,51,47.4
"216","MN-04","McCollum, Betty","(D)",62.5,35.5,62.6,35.5
"217","MN-05","Ellison, Keith","(D)",73.5,24,73.4,24.5
"218","MN-06","Bachmann, Michele","(R)",41.5,56.5,43.2,54.7
"219","MN-07","Peterson, Collin","(D)",44.1,53.9,47.1,50.4
"220","MN-08","Nolan, Rick","(D)",51.7,46.2,53.1,44.5
"221","MO-01","Clay, Lacy","(D)",79.9,18.9,80.3,18.6
"222","MO-02","Wagner, Ann","(R)",41.4,57.1,46.4,52.6
"223","MO-03","Luetkemeyer, Blaine","(R)",36.1,62,42.8,55.8
"224","MO-04","Hartzler, Vicki","(R)",36.4,61.2,41.9,56.5
"225","MO-05","Cleaver, Emanuel","(D)",58.9,39.4,62,36.8
"226","MO-06","Graves, Sam","(R)",37.9,60,43.1,55.3
"227","MO-07","Long, Billy","(R)",30.3,67.6,35.3,63.1
"228","MO-08","VACANT","(R)",32,65.9,38.3,60
"229","MS-01","Nunnelee, Alan","(R)",37,61.9,36.6,62.4
"230","MS-02","Thompson, Bennie","(D)",66.4,33,64.2,35.2
"231","MS-03","Harper, Gregg","(R)",39.1,60,38.4,60.8
"232","MS-04","Palazzo, Steven","(R)",31.2,67.6,31.1,67.9
"233","MT-AL","Daines, Steve","(R)",41.7,55.4,47.3,49.5
"234","NC-01","Butterfield, G.K.","(D)",71.2,28.2,71,29
"235","NC-02","Ellmers, Renee","(R)",41.7,57.3,43,56
"236","NC-03","Jones, Walter","(R)",41,58,43,56
"237","NC-04","Price, David","(D)",71.4,27.4,72,27
"238","NC-05","Foxx, Virginia","(R)",39.8,59.1,42,57
"239","NC-06","Coble, Howard","(R)",41.3,57.7,43,56
"240","NC-07","McIntyre, Mike","(D)",39.9,59.2,42,58
"241","NC-08","Hudson, Richard","(R)",41,58.1,42,57
"242","NC-09","Pittenger, Robert","(R)",42.8,56.2,45,54
"243","NC-10","McHenry, Patrick","(R)",40.9,58,42,57
"244","NC-11","Meadows, Mark","(R)",37.8,60.9,40,58
"245","NC-12","Watt, Mel","(D)",78.5,20.8,78,21
"246","NC-13","Holding, George","(R)",43.7,55.3,45,54
"247","ND-AL","Cramer, Kevin","(R)",38.9,58.7,44.6,53.3
"248","NE-01","Fortenberry, Jeff","(R)",40.8,57.4,44,54.1
"249","NE-02","Terry, Lee","(R)",45.7,52.9,49.8,48.6
"250","NE-03","Smith, Adrian","(R)",27.8,70.2,31,66.9
"251","NH-01","Shea-Porter, Carol","(D)",50.2,48.6,52.8,46.4
"252","NH-02","Kuster, Annie","(D)",54.2,44.5,56,43.1
"253","NJ-01","Andrews, Rob","(D)",65.1,33.8,64.7,34.2
"254","NJ-02","LoBiondo, Frank","(R)",53.5,45.4,53.2,45.5
"255","NJ-03","Runyan, Jon","(R)",51.8,47.2,51.1,47.7
"256","NJ-04","Smith, Chris","(R)",44.7,54.2,45.3,53.6
"257","NJ-05","Garrett, Scott","(R)",47.9,51,48.5,50.5
"258","NJ-06","Pallone, Frank","(D)",61.4,37.4,58.4,40.5
"259","NJ-07","Lance, Leonard","(R)",46.3,52.5,47.2,51.6
"260","NJ-08","Sires, Albio","(D)",78.3,20.7,73.2,26
"261","NJ-09","Pascrell, Bill","(D)",68.3,30.8,64,35.2
"262","NJ-10","Payne, Donald","(D)",87.9,11.5,84.9,14.6
"263","NJ-11","Frelinghuysen, Rodney","(R)",46.6,52.4,47,52.1
"264","NJ-12","Holt, Rush","(D)",66.5,32.4,65.7,33.3
"265","NM-01","Lujan Grisham, Michelle","(D)",55.3,39.6,59.7,39
"266","NM-02","Pearce, Steve","(R)",44.9,51.7,48.4,50.2
"267","NM-03","Lujan, Ben","(D)",57.5,38.7,61.2,37.5
"268","NV-01","Titus, Dina","(D)",65.6,32.4,64.5,33
"269","NV-02","Amodei, Mark","(R)",44.8,52.9,49.4,48.2
"270","NV-03","Heck, Joe","(R)",49.5,48.7,53.5,44.6
"271","NV-04","Horsford, Steven","(D)",54.4,43.7,56.4,41.4
"272","NY-01","Bishop, Tim","(D)",49.6,49.1,51,48
"273","NY-02","King, Peter","(R)",51.6,47.2,51,48
"274","NY-03","Israel, Steve","(D)",50.8,48.2,54,46
"275","NY-04","McCarthy, Carolyn","(D)",56.3,42.8,55,44
"276","NY-05","Meeks, Gregory","(D)",90.6,9.1,86,14
"277","NY-06","Meng, Grace","(D)",67.8,31,63,36
"278","NY-07","Velazquez, Nydia","(D)",88.4,10.3,84,15
"279","NY-08","Jeffries, Hakeem","(D)",89.2,10.2,86,14
"280","NY-09","Clarke, Yvette","(D)",85.2,13.9,84,15
"281","NY-10","Nadler, Jerrold","(D)",73.6,25.1,76,23
"282","NY-11","Grimm, Michael","(R)",51.6,47.3,48,51
"283","NY-12","Maloney, Carolyn","(D)",76.9,21.5,80,19
"284","NY-13","Rangel, Charlie","(D)",94.6,4.6,93,6
"285","NY-14","Crowley, Joe","(D)",80.7,18.3,76,23
"286","NY-15","Serrano, Jose","(D)",96.7,3,95,5
"287","NY-16","Engel, Eliot","(D)",73.7,25.5,73,26
"288","NY-17","Lowey, Nita","(D)",57.1,41.9,58,41
"289","NY-18","Maloney, Sean","(D)",51.4,47.1,52,47
"290","NY-19","Gibson, Chris","(R)",52.1,45.9,53,45
"291","NY-20","Tonko, Paul","(D)",59.2,38.8,58,40
"292","NY-21","Owens, Bill","(D)",52.2,46.1,52,47
"293","NY-22","Hanna, Richard","(R)",48.8,49.2,49,49
"294","NY-23","Reed, Tom","(R)",48.4,49.6,50,49
"295","NY-24","Maffei, Dan","(D)",57,41.1,56,42
"296","NY-25","Slaughter, Louise","(D)",58.8,39.4,59,40
"297","NY-26","Higgins, Brian","(D)",63.9,34.3,63,35
"298","NY-27","Collins, Chris","(R)",42.9,55.3,44,54
"299","OH-01","Chabot, Steve","(R)",46.3,52.4,47.2,51.8
"300","OH-02","Wenstrup, Brad","(R)",43.7,54.7,44.3,54.2
"301","OH-03","Beatty, Joyce","(D)",69.7,28.9,67.4,31.3
"302","OH-04","Jordan, Jim","(R)",42,56,43.7,54.4
"303","OH-05","Latta, Bob","(R)",44.1,53.9,46,52.2
"304","OH-06","Johnson, Bill","(R)",42.7,55.2,44.7,53.1
"305","OH-07","Gibbs, Bob","(R)",44.2,53.7,46.9,50.9
"306","OH-08","Boehner, John","(R)",36.4,61.9,38.1,60.3
"307","OH-09","Kaptur, Marcy","(D)",67.6,30.9,66.8,31.6
"308","OH-10","Turner, Michael","(R)",48.2,50.1,49.3,49.3
"309","OH-11","Fudge, Marcia","(D)",82.8,16.5,82,17.2
"310","OH-12","Tiberi, Patrick","(R)",43.9,54.4,44.8,53.7
"311","OH-13","Ryan, Tim","(D)",62.9,35.4,62.3,35.8
"312","OH-14","Joyce, David","(R)",47.6,50.9,49.1,49.4
"313","OH-15","Stivers, Steve","(R)",46.3,51.9,46.1,52.2
"314","OH-16","Renacci, Jim","(R)",45.2,53.4,47.2,51.3
"315","OK-01","Bridenstine, Jim","(R)",34.2,65.8,35.8,64.2
"316","OK-02","Mullin, Markwayne","(R)",32.2,67.8,34.3,65.7
"317","OK-03","Lucas, Frank","(R)",26.1,73.9,27.1,72.9
"318","OK-04","Cole, Tom","(R)",32.9,67.1,33.9,66.1
"319","OK-05","Lankford, James","(R)",40.8,59.2,40.8,59.2
"320","OR-01","Bonamici, Suzanne","(D)",57.3,40,59.6,37.7
"321","OR-02","Walden, Greg","(R)",40.5,56.8,43.3,53.8
"322","OR-03","Blumenauer, Earl","(D)",72,24.7,72.9,24.3
"323","OR-04","DeFazio, Peter","(D)",51.7,45,54.2,42.7
"324","OR-05","Schrader, Kurt","(D)",50.5,47.1,53,44.2
"325","PA-01","Brady, Bob","(D)",82.3,16.9,78.7,20.6
"326","PA-02","Fattah, Chaka","(D)",90.4,9,91,8.8
"327","PA-03","Kelly, Mike","(R)",43,55.6,46.3,52.3
"328","PA-04","Perry, Scott","(R)",41.5,57.1,45.1,53.8
"329","PA-05","Thompson, Glenn","(R)",41.5,57.1,47.1,51.5
"330","PA-06","Gerlach, Jim","(R)",48.1,50.6,53,46
"331","PA-07","Meehan, Pat","(R)",48.5,50.4,51.2,47.8
"332","PA-08","Fitzpatrick, Michael","(R)",49.3,49.4,53.2,45.7
"333","PA-09","Schuster, Bill","(R)",35.9,62.8,40.9,57.9
"334","PA-10","Marino, Tom","(R)",38.4,60.1,42.3,56.5
"335","PA-11","Barletta, Lou","(R)",44.5,53.9,47.1,51.7
"336","PA-12","Rothfus, Keith","(R)",40.9,57.8,44.7,54.1
"337","PA-13","Schwartz, Allyson","(D)",66.2,32.9,65.4,33.7
"338","PA-14","Doyle, Michael","(D)",68,30.6,67,32
"339","PA-15","Dent, Charlie","(R)",47.9,50.8,52.1,46.6
"340","PA-16","Pitts, Joe","(R)",46.3,52.4,50.1,49
"341","PA-17","Cartwright, Matt","(D)",55.4,43.3,56.9,41.9
"342","PA-18","Murphy, Tim","(R)",41,57.9,43.8,55.2
"343","RI-01","Cicilline, David","(D)",66.2,32.2,66.6,31.8
"344","RI-02","Langevin, Jim","(D)",59.8,38.3,59.9,38.3
"345","SC-01","VACANT","(R)",40.2,58.3,42.7,56.1
"346","SC-02","Wilson, Joe","(R)",39.4,59.1,39.4,59.5
"347","SC-03","Duncan, Jeff","(R)",33.9,64.5,35.1,63.5
"348","SC-04","Gowdy, Trey","(R)",36.2,62.2,37.7,60.6
"349","SC-05","Mulvaney, Mick","(R)",43.6,55.1,43.8,55
"350","SC-06","Clyburn, Jim","(D)",70.9,28.1,70.1,28.9
"351","SC-07","Rice, Tom","(R)",44.4,54.5,45.3,53.6
"352","SD-AL","Noem, Kristi","(R)",39.9,57.9,44.7,53.2
"353","TN-01","Roe, Phil","(R)",25.7,72.7,28.6,69.9
"354","TN-02","Duncan, John","(R)",30.9,67.3,34.5,64
"355","TN-03","Fleischmann, Chuck","(R)",35.1,63.3,37.3,61.3
"356","TN-04","DesJarlais, Scott","(R)",33.1,65.3,35.8,62.6
"357","TN-05","Cooper, Jim","(D)",55.9,42.5,57.5,41.3
"358","TN-06","Black, Diane","(R)",29.5,69.1,33.5,64.9
"359","TN-07","Blackburn, Marsha","(R)",32.9,65.7,36.3,62.4
"360","TN-08","Fincher, Steve","(R)",32.8,66.1,34.9,64.1
"361","TN-09","Cohen, Steve","(D)",78.3,20.9,77,22.5
"362","TX-01","Gohmert, Louie","(R)",27.5,71.6,30,69
"363","TX-02","Poe, Ted","(R)",35.6,62.9,37,62
"364","TX-03","Johnson, Sam","(R)",34.2,64.3,37,61
"365","TX-04","Hall, Ralph","(R)",24.8,74,29,70
"366","TX-05","Hensarling, Jeb","(R)",34.4,64.5,37,62
"367","TX-06","Barton, Joe","(R)",40.8,57.9,42,57
"368","TX-07","Culberson, John","(R)",38.6,59.9,40,59
"369","TX-08","Brady, Kevin","(R)",21.7,77,26,73
"370","TX-09","Green, Al","(D)",78,21.1,76,23
"371","TX-10","McCaul, Michael","(R)",38.8,59.1,43,56
"372","TX-11","Conaway, Michael","(R)",19.6,79.2,23,76
"373","TX-12","Granger, Kay","(R)",31.7,66.8,35,64
"374","TX-13","Thornberry, Mac","(R)",18.5,80.2,22,77
"375","TX-14","Weber, Randy","(R)",39.5,59.3,42,57
"376","TX-15","Hinojosa, Ruben","(D)",57.4,41.5,57,42
"377","TX-16","O'Rourke, Beto","(D)",64.2,34.5,64,35
"378","TX-17","Flores, Bill","(R)",37.7,60.4,41,58
"379","TX-18","Jackson-Lee, Sheila","(D)",76.1,22.8,77,23
"380","TX-19","Neugebauer, Randy","(R)",25,73.6,28,71
"381","TX-20","Castro, Joaquin","(D)",58.9,39.7,58,41
"382","TX-21","Smith, Lamar","(R)",37.9,59.8,42,56
"383","TX-22","Olson, Pete","(R)",36.7,62.1,39,60
"384","TX-23","Gallego, Pete","(D)",48.1,50.7,50,49
"385","TX-24","Marchant, Kenny","(R)",38,60.4,41,58
"386","TX-25","Williams, Roger","(R)",37.8,59.9,43,56
"387","TX-26","Burgess, Michael","(R)",30.7,67.6,35,64
"388","TX-27","Farenthold, Blake","(R)",38.2,60.5,40,59
"389","TX-28","Cuellar, Henry","(D)",60.3,38.7,58,41
"390","TX-29","Green, Gene","(D)",65.9,33,62,37
"391","TX-30","Johnson, E.B.","(D)",79.6,19.6,78,21
"392","TX-31","Carter, John","(R)",38.3,59.6,43,56
"393","TX-32","Sessions, Pete","(R)",41.5,57,44,55
"394","TX-33","Veasey, Mark","(D)",72,27.1,69,31
"395","TX-34","Vela, Filemon","(D)",60.8,38.3,60,39
"396","TX-35","Doggett, Lloyd","(D)",63,34.6,63,35
"397","TX-36","Stockman, Steve","(R)",25.7,73.2,30,69
"398","UT-01","Bishop, Rob","(R)",20.4,77.4,29.4,67.7
"399","UT-02","Stewart, Chris","(R)",29.2,68,38.4,58.5
"400","UT-03","Chaffetz, Jason","(R)",19.5,78.3,29.5,67.5
"401","UT-04","Matheson, Jim","(D)",30.2,67.2,40.9,56.1
"402","VA-01","Wittman, Rob","(R)",45.6,53,46.9,52.3
"403","VA-02","Rigell, Scott","(R)",50.1,48.6,50.4,48.7
"404","VA-03","Scott, Bobby","(D)",79,20,78.5,20.9
"405","VA-04","Forbes, Randy","(R)",48.8,50.1,48.9,50.4
"406","VA-05","Hurt, Robert","(R)",45.9,52.5,47.9,51.1
"407","VA-06","Goodlatte, Bob","(R)",39.5,58.8,42,57
"408","VA-07","Cantor, Eric","(R)",41.7,56.9,43.6,55.6
"409","VA-08","Moran, Jim","(D)",67.8,31,68.5,30.6
"410","VA-09","Griffith, Morgan","(R)",34.9,63.1,40.2,58.4
"411","VA-10","Wolf, Frank","(R)",48.8,49.9,51,48.2
"412","VA-11","Connolly, Gerry","(D)",62.5,36.3,62.3,37
"413","VT-AL","Welch, Peter","(D)",67,31.2,67.8,30.6
"414","WA-01","DelBene, Suzan","(D)",54.1,43.3,56.3,41.9
"415","WA-02","Larsen, Rick","(D)",59.2,38,60.5,37.6
"416","WA-03","Herrera Beutler, Jaime","(R)",47.9,49.6,50.9,47.1
"417","WA-04","Hastings, Doc","(R)",37.9,59.7,39.2,58.9
"418","WA-05","McMorris Rodgers, Cathy","(R)",43.7,53.5,46.3,51.2
"419","WA-06","Kilmer, Derek","(D)",56.1,41.2,57,40.9
"420","WA-07","McDermott, Jim","(D)",79.2,18.1,80.4,18
"421","WA-08","Reichert, David","(R)",49.7,48.1,51.5,46.8
"422","WA-09","Smith, Adam","(D)",68.3,29.6,68.6,29.9
"423","WA-10","Heck, Denny","(D)",56.3,41.1,57.2,41
"424","WI-01","Ryan, Paul","(R)",47.4,51.6,50.8,48.1
"425","WI-02","Pocan, Mark","(D)",68.3,30.5,70.1,28.6
"426","WI-03","Kind, Ron","(D)",54.8,43.8,59.4,39.1
"427","WI-04","Moore, Gwen","(D)",75.3,23.8,74.4,24.6
"428","WI-05","Sensenbrenner, Jim","(R)",37.7,61.3,41.8,57.2
"429","WI-06","Petri, Tom","(R)",45.8,53.1,49.4,49.3
"430","WI-07","Duffy, Sean","(R)",47.8,50.9,53.2,45.3
"431","WI-08","Ribble, Reid","(R)",47.6,51.3,53.7,45
"432","WV-01","McKinley, David","(R)",35.5,62.2,41.5,56.7
"433","WV-02","Capito, Shelley Moore","(R)",38,60,43.9,54.7
"434","WV-03","Rahall, Nick","(D)",32.8,65,42.3,55.7
"435","WY-AL","Lummis, Cynthia","(R)",27.6,68.2,32.7,65.2
